Covariate,SMD Before,|SMD| Before,SMD After,|SMD| After,Improvement (%)
X1,0.5082604000291099,0.5082604000291099,0.0890585322091625,0.0890585322091625,82.47777473829127
X2,0.4572993989498871,0.4572993989498871,0.053209208085760004,0.053209208085760004,88.36447014626604
X3,0.4495234726651639,0.4495234726651639,0.027955605960098596,0.027955605960098596,93.78105757317775
X4,0.340341946951168,0.340341946951168,0.07289430846721676,0.07289430846721676,78.58203811777702
X5,0.17572949234904714,0.17572949234904714,0.09723200599986169,0.09723200599986169,44.66950043494568
X6,0.36545200055533067,0.36545200055533067,0.06075987644736951,0.06075987644736951,83.37404738377666
