Method,Caliper (SD),N Matched,True ATT,Estimated ATT,Bias,Std Error,95% CI Lower,95% CI Upper,Coverage
ACS-Balance,0.7,329,0.5,0.6068234962515365,0.10682349625153653,0.11091134828777341,0.3886361601656946,0.8250108323373785,1.0
ACS-Knee,0.5,308,0.5,0.5207134586112295,0.02071345861122953,0.10769908471518855,0.30879167690229137,0.7326352403201677,1.0
ACS-Weighted,1.0,361,0.5,0.7580957027997768,0.2580957027997768,0.10420831688881917,0.5531621840511619,0.9630292215483917,0.0
Fixed-0.1,0.1,291,0.5,0.41388321519927224,-0.08611678480072776,0.11273933327606823,0.19199215139019207,0.6357742790083524,1.0
Fixed-0.2,0.2,291,0.5,0.432364427823609,-0.06763557217639099,0.11556144262754409,0.2049189507677241,0.6598099048794939,1.0
Fixed-0.5,0.5,308,0.5,0.5207134586112295,0.02071345861122953,0.10769908471518855,0.30879167690229137,0.7326352403201677,1.0
