Criterion,Optimal Caliper (SD),Max |SMD|,Retention,N Matched Pairs,Meets Threshold
ACS-Balance,0.7,0.09723200599986169,0.6646464646464646,329,Yes
ACS-Knee,0.5,0.07785459081735192,0.6222222222222222,308,Yes
ACS-Weighted,1.0,0.13311566905007355,0.7292929292929293,361,No
